Hours:Minutes;Temperature;Humidity
03:40;24;19
03:40;24;19
03:40;24;19
03:40;24;19
03:40;24;19
03:40;24;19
03:40;24;19
03:40;24;19
03:40;24;19
03:40;24;19
03:40;24;19
03:40;24;19
03:40;24;19
03:40;24;19
03:40;24;19
03:40;24;19
03:40;24;19
03:40;24;19
03:40;24;19
03:40;24;19
03:40;24;19
03:40;24;19
03:40;24;19
03:40;24;19
03:40;24;19
03:40;24;19
03:40;24;19
03:40;24;19
03:40;24;19
03:40;24;19
03:40;24;19
03:40;24;19
03:40;24;19
03:40;24;19
03:40;24;19
03:40;24;19
03:40;24;19
03:40;24;19
03:40;24;19
03:40;24;19
03:40;24;19
03:40;24;19
03:40;24;19
03:40;24;19
03:40;24;19
03:40;24;19
03:40;24;19
03:40;24;19
03:40;24;19
03:40;24;19
03:40;24;19
03:40;24;19
03:40;24;19
03:40;24;19
03:40;24;19
03:40;24;19
03:40;24;19
03:40;24;19
03:40;24;19
03:40;24;19
03:40;24;19
03:40;24;19
03:40;24;19
03:40;24;19
03:40;24;19
03:40;24;19
03:40;24;19
03:40;24;19
03:40;24;19
03:40;24;19
03:40;24;19
03:40;24;19
03:40;24;19
03:40;24;19
03:40;24;19
03:40;24;19
03:40;24;19
03:40;24;19
03:40;24;19
03:40;24;19
03:40;24;19
03:40;24;19
03:40;24;19
03:40;24;19
03:40;24;19
03:40;24;19
03:40;24;19
03:40;24;19
03:40;24;19
03:40;24;19
03:40;24;19
03:40;24;19
03:40;24;19
03:40;24;19
03:40;24;19
03:40;24;19
03:40;24;19
03:40;24;19
03:40;24;19
03:40;24;19
03:40;24;19
03:40;24;19
03:40;24;19
03:40;24;19
03:40;24;19
03:40;24;19
03:40;24;19
03:40;24;19
03:40;24;19
03:40;24;19
03:40;24;19
03:40;24;19
03:40;24;19
03:40;24;19
03:40;24;19
03:40;24;19
03:40;24;19
03:40;24;19
03:40;24;19
03:40;24;19
03:40;24;19
03:40;24;19
03:40;24;19
03:40;24;19
03:40;24;19
03:40;24;19
03:40;24;19
03:40;24;19
03:40;24;19
03:40;24;19
03:40;24;19
03:40;24;19
03:40;24;19
03:40;24;19
03:40;24;19
03:40;24;19
03:40;24;19
03:40;24;19
03:40;24;19
03:40;24;19
03:40;24;19
03:40;24;19
03:40;24;19
03:40;24;19
03:40;24;19
03:40;24;19
03:40;24;19
03:40;24;19
03:40;24;19
03:40;24;19
03:40;24;19
03:40;24;19
03:40;24;19
03:40;24;19
03:40;24;19
03:40;24;19
03:40;24;19
03:40;24;19
03:40;24;19
03:40;24;19
03:40;24;19
03:40;24;19
03:40;24;19
03:40;24;19
03:40;24;19
03:40;24;19
03:40;24;19
03:40;24;19
03:40;24;19
03:40;24;19
03:40;24;19
03:40;24;19
03:40;24;19
03:40;24;19
03:40;24;19
03:40;24;19
03:40;24;19
03:40;24;19
03:40;24;19
03:40;24;19
03:40;24;19
03:40;24;19
03:40;24;19
03:40;24;19
03:40;24;19
03:40;24;19
03:40;24;19
03:40;24;19
03:40;24;19
03:40;24;19
03:40;24;19
03:40;24;19
03:40;24;19
03:40;24;19
03:40;24;19
03:40;24;19
03:40;24;19
03:40;24;19
03:40;24;19
03:40;24;19
03:40;24;19
03:40;24;19
03:40;24;19
03:40;24;19
03:40;24;19
03:40;24;19
03:40;24;19
03:40;24;19
03:40;24;19
03:40;24;19
03:40;24;19
03:40;24;19
03:40;24;19
03:40;24;19
03:40;24;19
03:40;24;19
03:40;24;19
03:40;24;19
03:40;24;19
03:40;24;19
03:40;24;19
03:40;24;19
03:40;24;19
03:40;24;19
03:40;24;19
03:40;24;19
03:40;24;19
03:40;24;19
03:40;24;19
03:40;24;19
03:40;24;19
03:40;24;19
03:40;24;19
03:40;24;19
03:40;24;19
03:40;24;19
03:40;24;19
03:40;24;19
03:40;24;19
03:40;24;19
03:40;24;19
03:40;24;19
03:40;24;19
03:40;24;19
03:40;24;19
03:40;24;19
03:40;24;19
03:40;24;19
03:40;24;19
03:40;24;19
03:40;24;19
03:40;24;19
03:40;24;19
03:40;24;19
03:40;24;19
03:40;24;19
03:40;24;19
03:40;24;19
03:40;24;19
03:40;24;19
03:40;24;19
03:40;24;19
03:40;24;19
03:40;24;19
03:40;24;19
03:40;24;19
03:40;24;19
03:40;24;19
03:40;24;19
03:40;24;19
03:40;24;19
03:40;24;19
03:40;24;19
03:40;24;19
03:40;24;19
03:40;24;19
03:40;24;19
03:40;24;19
03:40;24;19
03:40;24;19
03:40;24;19
03:40;24;19
03:40;24;19
03:40;24;19
03:40;24;19
03:40;24;19
03:40;24;19
03:40;24;19
03:40;24;19
03:40;24;19
03:40;24;19
03:40;24;19
03:40;24;19
03:40;24;19
03:40;24;19
03:40;24;19
03:40;24;19
03:40;24;19
03:40;24;19
03:40;24;19
03:40;24;19
03:40;24;19
03:40;24;19
03:40;24;19
03:40;24;19
03:40;24;19
03:40;24;19
03:40;24;19
03:40;24;19
03:40;24;19
03:40;24;19
03:40;24;19
03:40;24;19
03:40;24;19
03:40;24;19
03:40;24;19
03:40;24;19
03:40;24;19
03:40;24;19
03:40;24;19
03:40;24;19
03:40;24;19
03:40;24;19
03:40;24;19
03:40;24;19
03:40;24;19
03:40;24;19
03:40;24;19
03:40;24;19
03:40;24;19
03:40;24;19
03:40;24;19
03:40;24;19
03:40;24;19
03:40;24;19
03:40;24;19
03:40;24;19
03:40;24;19
03:40;24;19
03:40;24;19
03:40;24;19
03:40;24;19
03:40;24;19
03:40;24;19
03:40;24;19
03:40;24;19
03:40;24;19
03:40;24;19
03:40;24;19
03:40;24;19
03:40;24;19
03:40;24;19
03:40;24;19
03:40;24;19
03:40;24;19
03:40;24;19
03:40;24;19
03:40;24;19
03:40;24;19
03:40;24;19
03:40;24;19
03:40;24;19
03:40;24;19
03:40;24;19
03:40;24;19
03:40;24;19
03:40;24;19
03:40;24;19
03:40;24;19
03:40;24;19
03:40;24;19
03:40;24;19
03:40;24;19
03:40;24;19
03:40;24;19
03:40;24;19
03:40;24;19
03:40;24;19
03:40;24;19
03:40;24;19
03:40;24;19
03:40;24;19
03:40;24;19
03:40;24;19
03:40;24;19
03:40;24;19
03:40;24;19
03:40;24;19
03:40;24;19
03:40;24;19
03:40;24;19
03:40;24;19
03:40;24;19
03:40;24;19
03:40;24;19
03:40;24;19
03:40;24;19
03:40;24;19
03:40;24;19
03:40;24;19
03:40;24;19
03:40;24;19
03:40;24;19
03:40;24;19
03:40;24;19
03:40;24;19
03:40;24;19
03:40;24;19
03:40;24;19
03:40;24;19
03:40;24;19
03:40;24;19
03:40;24;19
03:40;24;19
03:40;24;19
03:40;24;19
03:40;24;19
03:40;24;19
03:40;24;19
03:40;24;19
03:40;24;19
03:40;24;19
03:40;24;19
03:40;24;19
03:40;24;19
03:40;24;19
03:40;24;19
03:40;24;19
03:40;24;19
03:40;24;19
03:40;24;19
03:40;24;19
03:40;24;19
03:40;24;19
03:40;24;19
03:40;24;19
03:40;24;19
03:40;24;19
03:40;24;19
03:40;24;19
03:40;24;19
03:40;24;19
03:40;24;19
03:40;24;19
03:40;24;19
03:40;24;19
03:40;24;19
03:40;24;19
03:40;24;19
03:40;24;19
03:40;24;19
03:40;24;19
03:40;24;19
03:40;24;19
03:40;24;19
03:40;24;19
03:40;24;19
03:40;24;19
03:40;24;19
03:40;24;19
03:40;24;19
03:40;24;19
03:40;24;19
03:40;24;19
03:40;24;19
03:40;24;19
03:40;24;19
03:40;24;19
03:40;24;19
03:40;24;19
03:40;24;19
03:40;24;19
03:40;24;19
03:40;24;19
03:40;24;19
03:40;24;19
03:40;24;19
03:40;24;19
03:40;24;19
03:40;24;19
03:40;24;19
03:40;24;19
03:40;24;19
03:40;24;19
03:40;24;19
03:40;24;19
03:40;24;19
03:40;24;19
03:40;24;19
03:40;24;19
03:40;24;19
03:40;24;19
03:40;24;19
03:40;24;19
03:40;24;19
03:40;24;19
03:40;24;19
03:40;24;19
03:40;24;19
03:40;24;19
03:40;24;19
03:40;24;19
03:40;24;19
03:40;24;19
03:40;24;19
03:40;24;19
03:40;24;19
03:40;24;19
03:40;24;19
03:40;24;19
03:40;24;19
03:40;24;19
03:40;24;19
03:40;24;19
03:40;24;19
03:40;24;19
03:40;24;19
03:40;24;19
03:40;24;19
03:40;24;19
03:40;24;19
03:40;24;19
03:40;24;19
03:40;24;19
03:40;24;19
03:40;24;19
03:40;24;19
03:40;24;19
03:40;24;19
03:40;24;19
03:40;24;19
03:40;24;19
03:40;24;19
03:40;24;19
03:40;24;19
03:40;24;19
03:40;24;19
03:40;24;19
03:40;24;19
03:40;24;19
03:40;24;19
03:40;24;19
03:40;24;19
03:40;24;19
03:40;24;19
03:40;24;19
03:40;24;19
03:40;24;19
03:40;24;19
03:40;24;19
03:40;24;19
03:40;24;19
03:40;24;19
03:40;24;19
03:40;24;19
03:40;24;19
03:40;24;19
03:40;24;19
03:40;24;19
03:40;24;19
03:40;24;19
03:40;24;19
03:40;24;19
03:40;24;19
03:40;24;19
03:40;24;19
03:40;24;19
03:40;24;19
03:40;24;19
03:40;24;19
03:40;24;19
03:40;24;19
03:40;24;19
03:40;24;19
03:40;24;19
03:40;24;19
03:40;24;19
03:40;24;19
03:40;24;19
03:40;24;19
03:40;24;19
03:40;24;19
03:40;24;19
03:40;24;19
03:40;24;19
03:40;24;19
03:40;24;19
03:40;24;19
03:40;24;19
03:40;24;19
03:40;24;19
03:40;24;19
03:40;24;19
03:40;24;19
03:40;24;19
03:40;24;19
03:40;24;19
03:40;24;19
03:40;24;19
03:40;24;19
03:40;24;19
03:40;24;19
03:40;24;19
03:40;24;19
03:40;24;19
03:40;24;19
03:40;24;19
03:40;24;19
03:40;24;19
03:40;24;19
03:40;24;19
03:40;24;19
03:40;24;19
03:40;24;19
03:40;24;19
03:40;24;19
03:40;24;19
03:40;24;19
03:40;24;19
03:40;24;19
03:40;24;19
03:40;24;19
03:40;24;19
03:40;24;19
03:40;24;19
03:40;24;19
03:40;24;19
03:40;24;19
03:40;24;19
03:40;24;19
03:40;24;19
03:40;24;19
03:40;24;19
03:40;24;19
03:40;24;19
03:40;24;19
03:40;24;19
03:40;24;19
03:40;24;19
03:40;24;19
03:40;24;19
03:40;24;19
03:40;24;19
03:40;24;19
03:40;24;19
03:40;24;19
03:40;24;19
03:40;24;19
03:40;24;19
03:40;24;19
03:40;24;19
03:40;24;19
03:40;24;19
03:40;24;19
03:40;24;19
03:40;24;19
03:40;24;19
03:40;24;19
03:40;24;19
03:40;24;19
03:40;24;19
03:40;24;19
03:40;24;19
03:40;24;19
03:40;24;19
03:40;24;19
03:40;24;19
03:40;24;19
03:40;24;19
03:40;24;19
03:40;24;19
03:40;24;19
03:40;24;19
03:40;24;19
03:40;24;19
03:40;24;19
03:40;24;19
03:40;24;19
03:40;24;19
03:40;24;19
03:40;24;19
03:40;24;19
03:40;24;19
03:40;24;19
03:40;24;19
03:40;24;19
03:40;24;19
03:40;24;19
03:40;24;19
03:40;24;19
03:40;24;19
03:40;24;19
03:40;24;19
03:40;24;19
03:40;24;19
03:40;24;19
03:40;24;19
03:40;24;19
03:40;24;19
03:40;24;19
03:40;24;19
03:40;24;19
03:40;24;19
03:40;24;19
03:40;24;19
03:40;24;19
03:40;24;19
03:40;24;19
03:40;24;19
03:40;24;19
03:40;24;19
03:40;24;19
03:40;24;19
03:40;24;19
03:40;24;19
03:40;24;19
03:40;24;19
03:40;24;19
03:40;24;19
03:40;24;19
03:40;24;19
03:40;24;19
03:40;24;19
03:40;24;19
03:40;24;19
03:40;24;19
03:40;24;19
03:40;24;19
03:40;24;19
03:40;24;19
03:40;24;19
03:40;24;19
03:40;24;19
03:40;24;19
03:40;24;19
03:40;24;19
03:40;24;19
03:40;24;19
03:40;24;19
03:40;24;19
03:40;24;19
03:40;24;19
03:40;24;19
03:40;24;19
03:40;24;19
03:40;24;19
03:40;24;19
03:40;24;19
03:40;24;19
03:40;24;19
03:40;24;19
03:40;24;19
03:40;24;19
03:40;24;19
03:40;24;19
03:40;24;19
03:40;24;19
03:40;24;19
03:40;24;19
03:40;24;19
03:40;24;19
03:40;24;19
03:40;24;19
03:40;24;19
03:40;24;19
03:40;24;19
03:40;24;19
03:40;24;19
03:40;24;19
03:40;24;19
03:40;24;19
03:40;24;19
03:40;24;19
03:40;24;19
03:40;24;19
03:40;24;19
03:40;24;19
03:40;24;19
03:40;24;19
03:40;24;19
03:40;24;19
03:40;24;19
03:40;24;19
03:40;24;19
03:40;24;19
03:40;24;19
03:40;24;19
03:40;24;19
03:40;24;19
03:40;24;19
03:40;24;19
03:40;24;19
03:40;24;19
03:40;24;19
03:40;24;19
03:40;24;19
03:40;24;19
03:40;24;19
03:40;24;19
03:40;24;19
03:40;24;19
03:40;24;19
03:40;24;19
03:40;24;19
03:40;24;19
03:40;24;19
03:40;24;19
03:40;24;19
03:40;24;19
03:40;24;19
03:40;24;19
03:40;24;19
03:40;24;19
03:40;24;19
03:40;24;19
03:40;24;19
03:40;24;19
03:40;24;19
03:40;24;19
03:40;24;19
03:40;24;19
03:40;24;19
03:40;24;19
03:40;24;19
03:40;24;19
03:40;24;19
03:40;24;19
03:40;24;19
03:40;24;19
03:40;24;19
03:40;24;19
03:40;24;19
03:40;24;19
03:40;24;19
03:40;24;19
03:40;24;19
03:40;24;19
03:40;24;19
03:40;24;19
03:40;24;19
03:40;24;19
03:40;24;19
03:40;24;19
03:40;24;19
03:40;24;19
03:40;24;19
03:40;24;19
03:40;24;19
03:40;24;19
03:40;24;19
03:40;24;19
03:40;24;19
03:40;24;19
03:40;24;19
03:40;24;19
03:40;24;19
03:40;24;19
03:40;24;19
03:40;24;19
03:40;24;19
03:40;24;19
03:40;24;19
03:40;24;19
03:40;24;19
03:40;24;19
03:40;24;19
03:40;24;19
03:40;24;19
03:40;24;19
03:40;24;19
03:40;24;19
03:40;24;19
03:40;24;19
03:40;24;19
03:40;24;19
03:40;24;19
03:40;24;19
03:40;24;19
03:40;24;19
03:40;24;19
03:40;24;19
03:40;24;19
03:40;24;19
03:40;24;19
03:40;24;19
03:40;24;19
03:40;24;19
03:40;24;19
03:40;24;19
03:40;24;19
03:40;24;19
03:40;24;19
03:40;24;19
03:40;24;19
03:40;24;19
03:40;24;19
03:40;24;19
03:40;24;19
03:40;24;19
03:40;24;19
03:40;24;19
03:40;24;19
03:40;24;19
03:40;24;19
03:40;24;19
03:40;24;19
03:40;24;19
03:40;24;19
03:40;24;19
03:40;24;19
03:40;25;18
03:40;25;18
03:40;25;18
03:40;25;18
03:40;25;18
03:40;25;18
03:40;25;18
03:40;25;18
03:40;25;18
03:40;25;18
03:40;25;18
03:40;25;18
03:40;25;18
03:40;25;18
03:40;25;18
03:40;25;18
03:40;25;18
03:40;25;18
03:40;25;18
03:40;25;18
03:40;25;18
03:40;25;18
03:40;25;18
03:40;25;18
03:40;25;18
03:40;25;18
03:40;25;18
03:40;25;18
03:40;25;18
03:40;25;18
03:40;25;18
03:40;25;18
03:40;25;18
03:40;25;18
03:40;25;18
03:40;25;18
03:40;25;18
03:40;25;18
03:40;25;18
03:40;25;18
03:40;25;18
03:40;25;18
03:40;25;18
03:40;25;18
03:40;25;18
03:40;25;18
03:40;25;18
03:40;25;18
03:40;25;18
03:40;25;18
03:40;25;18
03:40;25;18
03:40;25;18
03:40;25;18
03:40;25;18
03:40;25;18
03:40;25;18
03:40;25;18
03:40;25;18
03:40;25;18
03:40;25;18
03:40;25;18
03:40;25;18
03:40;25;18
03:40;25;18
03:40;25;18
03:40;25;18
03:40;25;18
03:40;25;18
03:40;25;18
03:40;25;18
03:40;25;18
03:40;25;18
03:40;25;18
03:40;25;18
03:40;25;18
03:40;25;18
03:40;25;18
03:40;25;18
03:40;25;18
03:40;25;18
03:40;25;18
03:40;25;18
03:40;25;18
03:40;25;18
03:40;25;18
03:40;25;18
03:40;25;18
03:40;25;18
03:40;25;18
03:40;25;18
03:40;25;18
03:40;25;18
03:40;25;18
03:40;25;18
03:40;25;18
03:40;25;18
03:40;25;18
03:40;25;18
03:40;25;18
03:40;25;18
03:40;25;18
03:40;25;18
03:40;25;18
03:40;25;18
03:40;25;18
03:40;25;18
03:40;25;18
03:40;25;18
03:40;25;18
03:40;25;18
03:40;25;18
03:40;25;18
03:40;25;18
03:40;25;18
03:40;25;18
03:40;25;18
03:40;25;18
03:40;25;18
03:40;25;18
03:40;25;18
03:40;25;18
03:40;25;18
03:40;25;18
03:40;25;18
03:40;25;18
